,index,symbol,name,current_market_price,change,percent_change,volume,avg_volume,market_cap,pe_ratio,liquidty_score,earnings_yield,volatility_score,volume_acceleration
0,0,NVDA,NVIDIA Corporation,112.69,2.12,1.92,341755000.0,261527000.0,2750000000000.0,38.33,16.255,0.026,0.018812671931848435,1.3067675612843033
1,1,F,Ford Motor Company,9.9,0.29,3.02,138194000.0,78894000.0,39238000000.0,6.78,18.556,0.147,0.02929292929292929,1.7516414429487668
2,2,PLTR,Palantir Technologies Inc.,84.9,4.44,5.52,105377000.0,97032000.0,199128000000.0,446.86,12.271,0.002,0.052296819787985865,1.0860025558578614
3,3,WBA,"Walgreens Boots Alliance, Inc.",11.39,0.79,7.45,104361000.0,28666000.0,9843000000.0,-1.0,36.381,-1.0,0.06935908691834942,3.6405846647596456
4,4,TSLA,"Tesla, Inc.",262.67,-0.78,-0.3,102370000.0,86215000.0,844883000000.0,128.13,14.162,0.008,0.0029695054631286404,1.1873803862436931
5,5,LCID,"Lucid Group, Inc.",2.15,0.06,2.87,88988000.0,92676000.0,6518000000.0,-1.0,9.424,-1.0,0.027906976744186046,0.9602054469334024
6,6,HPE,Hewlett Packard Enterprise Company,15.81,-2.15,-11.97,78858000.0,15482000.0,20768000000.0,7.6,52.552,0.132,0.1359898798228969,5.093527967962795
7,7,INTC,Intel Corporation,20.64,-0.11,-0.53,81100000.0,90743000.0,89371000000.0,-1.0,9.787,-1.0,0.005329457364341085,0.893732849916798
8,8,AAL,American Airlines Group Inc.,13.03,-0.22,-1.66,76619000.0,33391000.0,8568000000.0,10.51,22.792,0.095,0.01688411358403684,2.2946003414093616
9,9,CMCSA,Comcast Corporation,37.59,1.32,3.64,43323000.0,25880000.0,142129000000.0,9.08,18.67,0.11,0.035115722266560255,1.6739953632148377
10,10,RIG,Transocean Ltd.,3.04,0.27,9.75,39478000.0,28569000.0,2672000000.0,-1.0,13.026,-1.0,0.08881578947368421,1.381847457033848
11,11,GRAB,Grab Holdings Limited,4.59,-0.01,-0.22,39223000.0,34000000.0,18658000000.0,-1.0,11.849,-1.0,0.002178649237472767,1.1536176470588235
12,12,MRVL,"Marvell Technology, Inc.",70.84,-1.44,-1.99,38853000.0,16251999.999999998,61298000000.0,-1.0,25.789,-1.0,0.020327498588368152,2.390659611124785
13,13,WMT,Walmart Inc.,91.72,-2.92,-3.09,28160000.0,18316000.0,736823000000.0,38.06,18.246,0.026,0.031836022677714786,1.5374535924874426
14,14,NOK,Nokia Oyj,5.23,0.07,1.36,31806000.0,19154000.0,28555000000.0,15.85,17.362,0.063,0.01338432122370937,1.6605408791897254
15,15,T,AT&T Inc.,27.12,0.39,1.46,30955000.0,38998000.0,194672000000.0,18.2,8.961,0.055,0.014380530973451327,0.7937586542899636
16,16,CCL,Carnival Corporation & plc,20.64,-0.23,-1.1,30615000.0,21148000.0,27903000000.0,14.33,15.122,0.07,0.011143410852713179,1.4476546245507849
17,17,BTG,B2Gold Corp.,2.68,-0.04,-1.47,34106000.0,27581000.0,3569000000.0,-1.0,11.812,-1.0,0.014925373134328358,1.2365759037018238
18,18,LYG,Lloyds Banking Group plc,3.8,0.01,0.26,34046000.0,23573000.0,57536000000.0,11.88,15.54,0.084,0.0026315789473684214,1.4442794722776058
19,19,AMD,"Advanced Micro Devices, Inc.",100.31,1.46,1.48,33254000.0,40225000.0,162550000000.0,100.31,9.268,0.01,0.014554879872395572,0.8266998135487881
20,20,BABA,Alibaba Group Holding Limited,140.62,0.67,0.48,31023000.0,26557000.0,342300000000.0,20.44,13.474,0.049,0.004764613852936994,1.1681665850811462
21,21,CORZ,"Core Scientific, Inc.",7.78,-0.07,-0.89,31902000.0,12520000.0,2288000000.0,-1.0,23.849,-1.0,0.008997429305912597,2.548083067092652
22,22,GAP,"The Gap, Inc.",23.15,3.67,18.84,30396000.0,5686000.0,8730000000.0,10.52,53.142,0.095,0.15853131749460045,5.345761519521632
23,23,AQN,Algonquin Power & Utilities Corp.,4.8,0.01,0.21,30475000.0,8965000.0,3689000000.0,8.89,32.521,0.112,0.0020833333333333333,3.399330730619074
24,24,SOUN,"SoundHound AI, Inc.",9.74,0.19,1.99,30463000.0,66816000.0,3834000000.0,-1.0,4.369,-1.0,0.019507186858316223,0.4559237308429119
25,25,VALE,Vale S.A.,9.9,0.12,1.23,30027000.0,33824000.0,42261000000.0,6.87,9.433,0.146,0.01212121212121212,0.8877424314096499
26,26,AGNC,AGNC Investment Corp.,10.38,0.24,2.37,28432000.0,20030000.0,9346000000.0,11.16,14.153,0.09,0.023121387283236993,1.419470793809286
27,27,KO,The Coca-Cola Company,71.43,0.97,1.38,17254000.0,17854000.0,307220000000.0,29.04,11.101,0.034,0.01357972840543189,0.9663940853590232
28,28,RIVN,"Rivian Automotive, Inc.",11.17,0.14,1.27,27898000.0,33778000.0,12630000000.0,-1.0,8.343,-1.0,0.012533572068039393,0.8259221978802771
29,29,IQ,"iQIYI, Inc.",2.35,0.03,1.29,27641000.0,25306000.0,2262000000.0,21.36,10.218,0.047,0.01276595744680851,1.0922706077610054
30,30,LUV,Southwest Airlines Co.,29.2,-0.33,-1.12,27547000.0,8250999.999999999,17306000000.0,38.42,34.182,0.026,0.011301369863013699,3.338625621136832
31,31,GOOGL,Alphabet Inc.,173.86,1.51,0.88,27386000.0,30547000.0,2130000000000.0,21.65,11.053,0.046,0.008685148970435982,0.8965201165417226
32,32,ET,Energy Transfer LP,17.46,-0.24,-1.36,26320000.0,16514000.0,59909000000.0,13.64,17.177,0.073,0.01374570446735395,1.5937992006782125
33,33,VZ,Verizon Communications Inc.,10.29,0.18,1.78,26288000.0,19547000.0,14873000000.0,18.71,13.68,0.053,0.01749271137026239,1.34486110400573
34,34,CNH,CNH Industrial N.V.,13.39,0.68,5.35,25708000.0,14093000.0,16710999999.999998,13.53,18.648,0.074,0.05078416728902166,1.824168026679912
35,35,GOLD,Barrick Gold Corporation,18.6,0.14,0.76,23917000.0,21960000.0,32311000000.0,15.25,11.446,0.066,0.007526881720430108,1.0891165755919854
36,36,HBAN,Huntington Bancshares Incorporated,15.14,0.01,0.07,25519000.0,19492000.0,22116000000.0,12.41,13.543,0.081,0.0006605019815059445,1.3092037759080648
37,37,RIOT,"Riot Platforms, Inc.",8.37,0.26,3.14,25134000.0,33248000.0,2931000000.0,24.62,7.157,0.041,0.031063321385902034,0.7559552454282964
38,38,ACHR,Archer Aviation Inc.,7.52,-0.04,-0.53,24625000.0,37251000.0,4079000000.0,-1.0,6.353,-1.0,0.0053191489361702135,0.6610560790314354
39,39,CMG,"Chipotle Mexican Grill, Inc.",50.23,-1.24,-2.41,24543000.0,10545000.0,68078999999.99999,45.25,25.213,0.022,0.024686442365120447,2.3274537695590327
40,40,MRK,"Merck & Co., Inc.",94.65,0.65,0.69,24090000.0,14272000.0,239090000000.0,14.04,19.206,0.071,0.006867406233491811,1.687920403587444
41,41,ADT,ADT Inc.,7.8,0.1,1.3,23616000.0,8882000.0,6681000000.0,11.82,26.123,0.085,0.012820512820512822,2.658860616978158
42,42,HIMS,"Hims & Hers Health, Inc.",35.95,1.56,4.54,23034000.0,20040000.0,7987000000.0,67.83,11.382,0.015,0.04339360222531293,1.1494011976047904
43,43,NGD,New Gold Inc.,2.9,0.08,2.84,23491000.0,12485000.0,2298000000.0,20.71,17.614,0.048,0.027586206896551727,1.8815378454144973
44,44,PARA,Paramount Global,12.14,0.38,3.23,23490000.0,9378000.0,8574000000.0,-1.0,24.881,-1.0,0.03130148270181219,2.504798464491363
45,45,CLSK,"CleanSpark, Inc.",8.83,0.68,8.34,23415000.0,26382000.0,2480000000.0,-1.0,8.338,-1.0,0.07701019252548132,0.8875369570161473
46,46,JBLU,JetBlue Airways Corporation,6.11,0.01,0.16,23204000.0,21786000.0,2157000000.0,-1.0,9.941,-1.0,0.001636661211129296,1.0650876709813641
47,47,MSTR,MicroStrategy Incorporated,287.18,-16.93,-5.57,22764000.0,19728000.0,74749000000.0,-1.0,12.547,-1.0,0.05895257329897625,1.1538929440389294
48,48,PCG,PG&E Corporation,15.97,-0.11,-0.68,22685000.0,23055000.0,35031000000.0,13.89,10.375,0.072,0.0068879148403256105,0.983951420516157
49,49,VRN,Veren Inc.,4.91,0.0,-0.0,20341000.0,16611999.999999998,3022000000.0,15.34,11.608,0.065,0.0,1.2244762822056345
50,50,ERIC,Telefonaktiebolaget LM Ericsson (publ),8.66,0.2,2.36,22638000.0,17069000.0,28510000000.0,-1.0,13.866,-1.0,0.023094688221709007,1.32626398734548
51,51,SNAP,Snap Inc.,9.72,0.12,1.25,22399000.0,27879000.0,16489000000.0,-1.0,8.209,-1.0,0.012345679012345678,0.8034362782022311
52,52,PTON,"Peloton Interactive, Inc.",6.21,-0.12,-1.9,22446000.0,13921000.0,2422000000.0,-1.0,15.131,-1.0,0.01932367149758454,1.6123841678040371
53,53,JD,"JD.com, Inc.",42.29,-1.63,-3.71,22242000.0,12099000.0,66977999999.99999,11.43,19.902,0.087,0.0385433908725467,1.8383337465906273
54,54,MSFT,Microsoft Corporation,393.31,-3.58,-0.9,22034000.0,22574000.0,2924000000000.0,31.64,12.168,0.032,0.00910223487834024,0.9760786745813768
55,55,ABEV,Ambev S.A.,2.23,0.02,0.9,17163000.0,36928000.0,35103000000.0,13.94,4.901,0.072,0.008968609865470852,0.464769280762565
56,56,CDE,"Coeur Mining, Inc.",5.57,0.07,1.27,21631000.0,16132000.000000002,3557000000.0,37.13,12.807,0.027,0.012567324955116697,1.3408752789486733
57,57,AVTR,"Avantor, Inc.",17.5,1.33,8.23,21403000.0,5835000.0,11916000000.0,16.83,36.96,0.059,0.076,3.668037703513282
58,58,AMCR,Amcor plc,10.29,-2.27,-0.36,21376000.0,14948000.0,1585000000000.0,26.24,17.446,0.038,0.2206025267249757,1.43002408348943
59,59,WFC,Wells Fargo & Company,71.05,-1.6,-2.2,18959000.0,15844000.0,233626000000.0,13.23,13.604,0.076,0.022519352568613656,1.1966043928300933
60,60,CSCO,"Cisco Systems, Inc.",63.94,0.53,0.84,21155000.0,20335000.0,254372000000.0,28.04,11.865,0.036,0.008289020957147326,1.040324563560364
61,61,TSM,Taiwan Semiconductor Manufacturing Company Limited,177.1,1.25,0.71,17727000.0,16794000.0,918538000000.0,25.78,12.628,0.039,0.007058159232072276,1.0555555555555556
62,62,JPM,JPMorgan Chase & Co.,242.28,-4.26,-1.73,16786000.0,9602000.0,677442000000.0,12.27,20.682,0.081,0.017582961862308073,1.7481774630285358
63,63,AES,The AES Corporation,11.25,0.38,3.5,17432000.0,14994000.0,8000000000.0,4.75,11.513,0.211,0.03377777777777778,1.1625983726824063
64,64,DKNG,DraftKings Inc.,39.41,-0.69,-1.72,20418000.0,9964000.0,19309000000.0,-1.0,21.077,-1.0,0.01750824663790916,2.049177037334404
65,65,UMC,United Microelectronics Corporation,6.75,0.09,1.35,20241000.0,13062000.0,16957000000.0,10.71,15.851,0.093,0.013333333333333332,1.5496095544327055
66,66,STLA,Stellantis N.V.,12.73,-0.02,-0.16,19770000.0,11362000.0,36738000000.0,6.43,18.383,0.156,0.0015710919088766692,1.740010561520859
67,67,XOM,Exxon Mobil Corporation,109.02,1.4,1.3,15490000.0,16001999.999999998,473053000000.0,13.91,11.301,0.072,0.012841680425609979,0.9680039995000626
68,68,SLB,Schlumberger Limited,41.37,1.61,4.05,16107000.0,14023000.0,56257000000.0,13.3,12.348,0.075,0.038917089678511006,1.1486129929401698
69,69,CSX,CSX Corporation,31.26,0.33,1.07,19422000.0,13838000.0,59226000000.0,17.46,15.12,0.057,0.01055662188099808,1.40352652117358
70,70,HL,Hecla Mining Company,5.43,0.01,0.18,18249000.0,16370999.999999998,3431000000.0,90.5,10.629,0.011,0.001841620626151013,1.1147150448964633
71,71,RXRX,"Recursion Pharmaceuticals, Inc.",6.59,0.35,5.61,19229000.0,23235000.0,2649000000.0,-1.0,7.798,-1.0,0.05311077389984825,0.8275876909834302
72,72,MU,"Micron Technology, Inc.",92.96,3.69,4.13,19134000.0,24642000.0,103573000000.0,26.64,8.553,0.038,0.03969449225473322,0.7764791818845873
73,73,KEY,KeyCorp,15.73,-0.2,-1.26,18547000.0,12236000.0,17384000000.0,-1.0,15.522,-1.0,0.012714558169103624,1.5157731284733573
74,74,UBER,"Uber Technologies, Inc.",76.27,1.31,1.75,18512000.0,27279000.0,159329000000.0,16.73,7.602,0.06,0.017175822735020323,0.6786172513655193
75,75,KGC,Kinross Gold Corporation,11.15,0.01,0.09,18459000.0,21045000.0,13811000000.0,14.48,8.894,0.069,0.0008968609865470852,0.8771204561653599
76,76,BMY,Bristol-Myers Squibb Company,61.09,0.91,1.51,18483000.0,11614000.0,123971000000.0,-1.0,17.654,-1.0,0.014896055000818463,1.59144136387119
77,77,ITUB,Itaú Unibanco Holding S.A.,5.68,0.01,0.18,16450000.0,27101000.0,52207000000.0,7.89,6.506,0.127,0.0017605633802816902,0.6069886720047231
78,78,NCLH,Norwegian Cruise Line Holdings Ltd.,20.06,0.06,0.3,18173000.0,10437000.0,8825000000.0,10.61,17.318,0.094,0.0029910269192422734,1.7412091597202262
79,79,C,Citigroup Inc.,70.46,-0.12,-0.17,18200000.0,15140000.0,132780000000.0,11.84,13.371,0.084,0.0017030939540164634,1.202113606340819
80,80,BCS,Barclays PLC,15.94,-0.08,-0.5,17882000.0,20120000.0,57198000000.0,8.91,9.561,0.112,0.005018820577164367,0.8887673956262425
81,81,PBR,Petróleo Brasileiro S.A. - Petrobras,12.97,0.12,0.93,17442000.0,14794000.0,80398000000.0,11.18,12.857,0.089,0.009252120277563608,1.1789914830336623
82,82,MPW,"Medical Properties Trust, Inc.",6.02,0.37,6.55,16597000.000000002,13628000.0,3616000000.0,-1.0,11.641,-1.0,0.06146179401993356,1.217860287643088
83,83,META,"Meta Platforms, Inc.",625.66,-0.25,-2.49,17450000.0,17547000.0,4851000000.0,-1.0,9.632,-1.0,0.00039957804558386344,0.994471989513877
84,84,MRNA,"Moderna, Inc.",35.61,1.31,3.82,17338000.0,11529000.0,13739000000.0,-1.0,15.246,-1.0,0.036787419264251615,1.5038598317286842
85,85,BB,BlackBerry Limited,4.52,0.11,2.49,17013000.0,25449000.0,2694000000.0,-1.0,6.304,-1.0,0.02433628318584071,0.6685134975834021
86,86,HAL,Halliburton Company,25.0,0.55,2.25,13023000.0,10553000.0,21702000000.0,8.83,12.756,0.113,0.022000000000000002,1.2340566663508008
87,87,ASTS,"AST SpaceMobile, Inc.",33.4,1.22,3.79,17171000.0,11168000.0,10571000000.0,-1.0,15.412,-1.0,0.03652694610778443,1.5375179083094557
88,88,FCX,Freeport-McMoRan Inc.,36.94,-0.74,-1.96,15236000.0,13993000.0,53085000000.0,28.42,11.678,0.035,0.020032485110990796,1.0888301293503895
89,89,PATH,UiPath Inc.,12.31,0.56,4.77,15530000.0,8597000.0,6766000000.0,-1.0,17.758,-1.0,0.045491470349309504,1.8064441084099105
90,90,PYPL,"PayPal Holdings, Inc.",70.48,2.4,3.53,16388000.000000002,11156000.0,69722000000.0,17.66,15.929,0.057,0.0340522133938706,1.4689852993904626
91,91,IONQ,"IonQ, Inc.",20.55,0.07,0.34,16128000.0,26109000.0,4579000000.0,-1.0,5.968,-1.0,0.0034063260340632603,0.6177180282661151
92,92,RKLB,"Rocket Lab USA, Inc.",18.8,0.14,0.75,16109000.000000002,19378000.0,8526999999.999999,-1.0,8.256,-1.0,0.007446808510638298,0.8313035400970173
93,93,INFY,Infosys Limited,19.86,0.11,0.56,15923000.0,9220000.0,82271000000.0,25.14,18.851,0.04,0.0055387713997985906,1.727006507592191
94,94,KHC,The Kraft Heinz Company,32.18,1.3,4.21,15743000.0,10316000.0,38455000000.0,14.24,16.153,0.07,0.040397762585456805,1.5260759984490113
95,95,LYFT,"Lyft, Inc.",12.41,0.33,2.73,15731000.0,18414000.0,5187000000.0,206.83,8.299,0.005,0.026591458501208705,0.8542956446182253
96,96,DAL,"Delta Air Lines, Inc.",53.28,-1.68,-3.06,14202000.0,8273999.999999999,34417000000.0,10.0,18.086,0.1,0.03153153153153153,1.7164612037708487
97,97,AUR,"Aurora Innovation, Inc.",7.1,0.14,2.01,15536000.0,14662000.0,12357000000.0,-1.0,10.693,-1.0,0.01971830985915493,1.0596098758695949
98,98,UAA,"Under Armour, Inc.",7.08,0.18,2.61,15132000.0,10541000.0,2911000000.0,-1.0,13.586,-1.0,0.02542372881355932,1.4355374252917181
99,99,UAL,"United Airlines Holdings, Inc.",82.88,-3.39,-3.93,14860000.0,6507000.0,27130000000.0,8.77,23.827,0.114,0.040902509652509654,2.2836944828646075
100,100,CVE,Cenovus Energy Inc.,12.74,0.06,0.47,14812000.0,10458000.0,23335000000.0,10.89,14.685,0.092,0.004709576138147566,1.4163319946452477
101,101,PTEN,"Patterson-UTI Energy, Inc.",7.51,0.36,5.03,14800000.0,9925000.0,2902000000.0,-1.0,14.111,-1.0,0.047936085219707054,1.491183879093199
102,102,APP,AppLovin Corporation,270.48,10.85,4.18,14654000.0,6557000.0,91952000000.0,59.84,24.502,0.017,0.04011387163561076,2.2348635046515173
103,103,VTRS,Viatris Inc.,9.65,0.14,1.47,14479000.0,11731000.0,11519000000.0,-1.0,12.418,-1.0,0.014507772020725389,1.2342511294859773
104,104,KVUE,Kenvue Inc.,23.42,0.24,1.04,14444000.0,13661000.0,44761000000.0,43.37,11.261,0.023,0.010247651579846284,1.0573164482834345
105,105,GILD,"Gilead Sciences, Inc.",117.41,1.37,1.18,14406000.0,7729000.0,146217000000.0,308.97,20.81,0.003,0.011668512051784347,1.8638892482856773
106,106,LRCX,Lam Research Corporation,79.01,2.54,3.32,14160000.0,12813000.0,101422000000.0,24.02,12.163,0.042,0.032147829388684976,1.105127604776399
107,107,CLF,Cleveland-Cliffs Inc.,9.81,-0.25,-2.49,13951000.0,11017000.0,87624000000.0,19.81,13.857,0.05,0.0254841997961264,1.2663156939275666
108,108,LUMN,"Lumen Technologies, Inc.",5.3,0.27,5.37,12622000.0,12496000.0,5373000000.0,-1.0,9.828,-1.0,0.0509433962264151,1.0100832266325224
109,109,SHOP,Shopify Inc.,100.13,-2.36,-2.3,13668000.0,7596000.0,130312999999.99998,64.6,20.0,0.015,0.023569359832218115,1.7993680884676144
110,110,M,"Macy's, Inc.",14.06,0.84,6.35,11810000.0,7511000.0,3904000000.0,6.79,15.081,0.147,0.059743954480796585,1.5723605378777792
111,111,RDDT,"Reddit, Inc.",133.98,-16.74,-11.11,13398000.0,6143000.0,24238000000.0,-1.0,22.649,-1.0,0.12494402149574563,2.181019046068696
112,112,U,Unity Software Inc.,24.19,1.03,4.45,13759000.0,11650000.0,9910000000.0,-1.0,11.806,-1.0,0.04257957833815626,1.181030042918455
113,113,GM,General Motors Company,47.44,0.36,0.76,11739000.0,11325000.0,47203000000.0,7.45,11.064,0.134,0.007588532883642496,1.0365562913907285
114,114,VOD,Vodafone Group Public Limited Company,9.42,0.41,4.55,13786000.0,8918000.0,23584000000.0,10.02,16.035,0.1,0.0435244161358811,1.5458623009643417
115,115,CCCS,CCC Intelligent Solutions Holdings Inc.,9.29,-0.06,-0.64,13510000.0,5201000.0,6044000000.0,232.25,25.408,0.004,0.006458557588805167,2.5975773889636606
116,116,NEE,"NextEra Energy, Inc.",72.83,2.82,4.03,10642000.0,10806000.0,149813000000.0,21.61,11.006,0.046,0.03872030756556364,0.9848232463446234
117,117,CX,"CEMEX, S.A.B. de C.V.",6.06,-0.3,-4.72,13266000.0,9972000.0,9186000000.0,9.93,13.254,0.101,0.04950495049504951,1.3303249097472925
118,118,IOT,Samsara Inc.,35.36,-6.52,-15.57,13177000.0,3588000.0,19844000000.0,-1.0,37.818,-1.0,0.1843891402714932,3.672519509476031
119,119,FHN,First Horizon Corporation,18.88,-0.35,-1.82,12955000.0,6104000.0,9851000000.0,13.88,21.21,0.072,0.018538135593220338,2.12237876802097
120,120,BSX,Boston Scientific Corporation,99.13,-1.67,-1.66,10674000.0,6279000.0,146294000000.0,79.3,18.98,0.013,0.016846565116513668,1.699952221691352
121,121,IAG,IAMGOLD Corporation,5.5,0.01,0.18,12807000.0,10628000.0,3164000000.0,3.67,11.448,0.272,0.0018181818181818182,1.2050244636808431
122,122,ANET,Arista Networks Inc,83.36,-0.98,-1.16,12887000.0,9614000.0,105127000000.0,37.38,14.774,0.027,0.011756238003838772,1.3404410235073851
123,123,XPEV,XPeng Inc.,23.6,1.37,6.16,12783000.0,10629000.0,21958000000.0,-1.0,12.437,-1.0,0.05805084745762712,1.2026531188258538
124,124,KMI,"Kinder Morgan, Inc.",26.14,-0.17,-0.65,12713000.0,14730000.0,58082000000.0,22.34,9.29,0.045,0.006503442999234889,0.8630685675492192
125,125,DIS,The Walt Disney Company,105.51,0.08,0.08,12662000.0,8422000.0,190740000000.0,34.26,16.96,0.029,0.0007582219694815657,1.503443362621705
126,126,ORCL,Oracle Corporation,155.16,4.22,2.8,10348000.0,10925000.0,433976000000.0,37.84,11.023,0.026,0.02719773137406548,0.9471853546910756
127,127,MO,"Altria Group, Inc.",57.79,0.78,1.37,12635000.0,8191000.000000001,97703000000.0,8.84,16.952,0.113,0.013497144834746497,1.5425466975949211
128,128,BA,The Boeing Company,154.18,-4.25,-2.68,11613000.0,8971000.0,115646000000.0,-1.0,14.321,-1.0,0.027565183551692827,1.2945045145468732
129,129,VFC,V.F. Corporation,19.13,-1.43,-6.96,12177000.0,5836000.0,7453000000.0,-1.0,20.599,-1.0,0.07475169890224778,2.0865318711446195
130,130,WDC,Western Digital Corporation,41.7,0.25,0.6,12085000.0,8850000.0,14504000000.0,12.05,13.876,0.083,0.005995203836930456,1.3655367231638418
131,131,OKLO,Oklo Inc.,26.27,0.3,1.16,11985000.0,18285000.0,3594000000.0,-1.0,6.263,-1.0,0.011419870574800152,0.6554552912223134
132,132,MDLZ,"Mondelez International, Inc.",74.63,-0.93,-1.23,12012000.0,10978000.0,135347000000.00002,24.96,12.18,0.04,0.012461476617982047,1.094188376753507
133,133,AFRM,"Affirm Holdings, Inc.",51.97,-0.67,-1.27,11915000.0,6783000.0,16635000000.000002,-1.0,17.954,-1.0,0.012892053107562055,1.7565973757924223
134,134,KDP,Keurig Dr Pepper Inc.,33.34,-0.19,-0.57,11650000.0,11347000.0,45234000000.0,31.75,10.94,0.031,0.005698860227954409,1.0267030933286332
135,135,SBUX,Starbucks Corporation,106.48,1.01,0.96,11637000.0,10050000.0,120954000000.0,34.35,12.833,0.029,0.00948534936138242,1.1579104477611941
136,136,TTD,"The Trade Desk, Inc.",64.91,-0.07,-0.11,11487000.0,6860000.0,32201000000.0,83.22,17.595,0.012,0.0010784162686797104,1.6744897959183673
137,137,CNQ,Canadian Natural Resources Limited,28.37,0.41,1.47,11031000.0,6372000.0,59941000000.0,14.26,18.658,0.07,0.014451885794853717,1.7311676082862524
138,138,RBLX,Roblox Corporation,57.17,-1.4,-2.39,10653000.0,8321000.0,38150000000.0,-1.0,13.547,-1.0,0.024488368025188032,1.2802547770700636
139,139,OXY,Occidental Petroleum Corporation,47.24,1.53,3.35,11309000.0,11837000.0,44367000000.0,20.9,10.172,0.048,0.03238780694326841,0.9553941032356171
140,140,TEVA,Teva Pharmaceutical Industries Limited,15.36,0.01,0.07,9904000.0,12806000.0,17763000000.0,-1.0,7.927,-1.0,0.0006510416666666667,0.7733874746212713
141,141,ACI,"Albertsons Companies, Inc.",21.46,0.49,2.34,11257000.0,6568000.0,12433000000.0,12.06,17.301,0.083,0.022833178005591797,1.7139159561510353
142,142,NBIS,Nebius Group N.V.,27.99,1.19,4.44,11068000.0,11801000.0,6599000000.0,-1.0,9.21,-1.0,0.042515183994283674,0.9378866197779849
143,143,SNOW,Snowflake Inc.,158.91,2.69,1.72,10267000.0,5846000.0,52452000000.0,-1.0,18.827,-1.0,0.01692782077905733,1.7562435853575094
144,144,HLN,Haleon plc,10.45,0.06,0.58,10024000.0,9437000.0,47254000000.0,26.12,11.338,0.038,0.005741626794258373,1.0622019709653492
145,145,HPQ,HP Inc.,30.54,0.57,1.9,10993000.0,6832000.0,28790000000.0,10.99,16.829,0.091,0.01866404715127701,1.6090456674473068
146,146,BILI,Bilibili Inc.,24.1,1.82,8.17,10972000.0,6757000.0,9732000000.0,-1.0,16.219,-1.0,0.07551867219917012,1.6237975432884417
147,147,VICI,VICI Properties Inc.,32.65,0.68,2.13,10917000.0,6473000.0,34489000000.0,12.75,17.772,0.078,0.02082695252679939,1.6865441062876565
148,148,TOST,"Toast, Inc.",34.72,0.6,1.76,10902000.0,6181000.0,19964000000.0,1157.33,18.167,0.001,0.01728110599078341,1.7637922666235237
149,149,CAG,"Conagra Brands, Inc.",27.23,1.25,4.81,10893000.0,5702000.0,12997000000.0,26.44,19.321,0.038,0.04590525156077855,1.9103823219922833
150,150,YMM,Full Truck Alliance Co. Ltd.,13.17,-0.11,-0.83,9068000.0,8052000.0,13773000000.0,32.12,11.418,0.031,0.008352315869400152,1.126179831097864
151,151,USB,U.S. Bancorp,44.72,0.34,0.77,10792000.0,8726000.0,69674000000.0,11.8,13.41,0.085,0.007602862254025045,1.2367636947054779
152,152,KR,The Kroger Co.,66.7,2.92,4.58,10386000.0,6510000.0,43889000000.0,18.17,16.979,0.055,0.043778110944527736,1.5953917050691244
153,153,CFLT,"Confluent, Inc.",26.61,-2.04,-7.12,10773000.0,5318000.0,8888000000.0,-1.0,20.154,-1.0,0.07666290868094701,2.0257615644979317
154,154,IPG,"The Interpublic Group of Companies, Inc.",28.18,0.85,3.11,10235000.0,5883000.0,10501000000.0,15.4,17.435,0.065,0.030163236337828248,1.7397586265510794
155,155,NI,NiSource Inc.,38.5,-0.09,-0.23,10068000.0,4091000.0,18093000000.0,23.77,25.244,0.042,0.0023376623376623377,2.461011977511611
156,156,DVN,Devon Energy Corporation,34.71,0.84,2.48,8876000.0,10688000.0,22511000000.0,7.61,8.597,0.131,0.024200518582541054,0.8304640718562875
157,157,SCHW,The Charles Schwab Corporation,74.63,-0.93,0.55,10446000.0,8321999.999999999,19984000000.0,11.44,12.93,0.087,0.012461476617982047,1.2552271088680607
158,158,HMY,Harmony Gold Mining Company Limited,11.84,0.99,9.12,10402000.0,6697000.0,7367000000.0,12.87,15.326,0.078,0.08361486486486487,1.5532327908018515
159,159,ON,ON Semiconductor Corporation,45.4,1.52,3.46,10342000.0,8914000.0,19133000000.0,12.51,11.929,0.08,0.033480176211453744,1.1601974422257124
160,160,ALIT,"Alight, Inc.",6.36,0.04,0.63,9067000.0,6200000.0,3518000000.0,-1.0,13.961,-1.0,0.006289308176100628,1.4624193548387097
161,161,GGB,Gerdau S.A.,2.95,0.0175,0.6,7720000.0,10673000.0,5803000000.0,7.56,7.062,0.132,0.005932203389830509,0.723320528436241
162,162,DELL,Dell Technologies Inc.,91.46,-1.56,-1.68,9445000.0,8279999.999999999,63812000000.0,14.34,12.325,0.07,0.017056636781106495,1.1407004830917875
163,163,CRH,CRH plc,97.51,-1.27,-1.29,9551000.0,4436000.0,66119000000.0,19.42,23.297,0.051,0.01302430519946672,2.1530658250676287
164,164,CL,Colgate-Palmolive Company,96.74,3.45,3.7,10062000.0,4783000.0,78508000000.0,27.56,22.92,0.036,0.03566260078561092,2.1037006063140287
165,165,CVS,CVS Health Corporation,66.33,1.08,1.66,7724000.0,13376000.0,83629000000.0,18.12,6.307,0.055,0.01628222523744912,0.5774521531100478
166,166,COF,Capital One Financial Corporation,173.17,-2.96,-1.68,10060000.0,3374000.0,66035000000.0,14.94,32.261,0.067,0.01709302997054917,2.981624184943687
167,167,SBSW,Sibanye Stillwater Limited,3.88,0.14,3.74,9143000.0,6933000.0,2746000000.0,-1.0,12.447,-1.0,0.03608247422680413,1.3187653252560219
168,168,ASX,"ASE Technology Holding Co., Ltd.",10.05,0.15,1.52,8291000.0,10017000.0,21843000000.0,22.84,8.558,0.044,0.014925373134328356,0.8276929220325446
169,169,HST,"Host Hotels & Resorts, Inc.",16.33,0.53,3.35,9836000.0,8038000.0,11570000000.0,16.49,12.314,0.061,0.032455603184323334,1.2236874844488679
170,170,VNET,"VNET Group, Inc.",11.47,-0.6,-4.97,9818000.0,7851000.0,3062000000.0,-1.0,11.863,-1.0,0.05231037489102005,1.2505413323143548
171,171,VST,Vistra Corp.,114.32,-0.09,-0.08,9788000.0,8403000.0,38750000000.0,16.33,12.333,0.061,0.0007872638208537439,1.1648220873497561
172,172,JOBY,"Joby Aviation, Inc.",6.62,-0.02,-0.3,9769000.0,14903000.0,5215000000.0,-1.0,6.37,-1.0,0.0030211480362537764,0.6555056028987453
173,173,VRT,Vertiv Holdings Co,85.04,3.0,3.66,9221000.0,9517000.0,32381000000.0,66.44,10.183,0.015,0.03527751646284101,0.9688977618997583
174,174,WMB,"The Williams Companies, Inc.",54.38,-0.23,-0.42,8933000.0,7676000.0,66309000000.0,29.88,12.594,0.033,0.004229496138286134,1.1637571651902032
175,175,JNJ,Johnson & Johnson,166.69,0.86,0.52,7157000.0,9112000.0,401326000000.0,28.84,9.114,0.035,0.005159277701121843,0.7854477611940298
176,176,PG,The Procter & Gamble Company,175.95,1.29,0.74,7535000.0,7188000.0,412576000000.0,28.02,12.176,0.036,0.007331628303495312,1.0482749026154703
177,177,TUYA,Tuya Inc.,4.03,0.59,17.15,9525000.0,3610000.0,2353000000.0,403.0,24.727,0.002,0.14640198511166252,2.6385041551246537
178,178,EQT,EQT Corporation,47.0,0.84,1.82,9476000.0,8231000.0,28080000000.0,104.44,12.029,0.01,0.017872340425531916,1.1512574413801482
179,179,CZR,"Caesars Entertainment, Inc.",28.48,-0.43,-1.49,9479000.0,4845000.0,6038000000.0,-1.0,19.136,-1.0,0.015098314606741572,1.9564499484004128
180,180,MGM,MGM Resorts International,32.03,0.39,1.23,8596000.0,4845000.0,9146000000.0,13.35,17.673,0.075,0.012176084920387137,1.7742002063983489
181,181,TEM,"Tempus AI, Inc.",49.1,0.24,0.49,9345000.0,12140000.0,8455999999.999999,-1.0,7.642,-1.0,0.004887983706720977,0.7697693574958814
182,182,RF,Regions Financial Corporation,22.07,0.12,0.55,8936000.0,8117000.000000001,10180000000.0,8.74,11.018,0.114,0.005437245129134571,1.1008993470494024
183,183,LI,Li Auto Inc.,29.02,1.46,5.3,9304000.0,5812000.0,30277000000.0,21.82,16.778,0.046,0.05031013094417643,1.6008258774948383
184,184,NKE,"NIKE, Inc.",78.59,0.88,1.13,7959000.0,13310000.0,116245000000.0,24.26,6.617,0.041,0.011197353352843872,0.5979714500375657
185,185,BEKE,KE Holdings Inc.,24.26,-0.2,-0.82,8125000.0,7949000.0,30055000000.0,49.51,10.71,0.02,0.008244023083264633,1.0221411498301674
186,186,STM,STMicroelectronics N.V.,26.51,0.6,2.32,9179000.0,6950000.0,23733000000.0,15.97,13.703,0.063,0.022632968691059976,1.3207194244604317
187,187,BKR,Baker Hughes Company,42.89,0.99,2.36,9119000.0,7246000.0,42466000000.0,14.39,13.375,0.069,0.023082303567265098,1.25848744134695
188,188,PINS,"Pinterest, Inc.",34.3,-0.21,-0.61,9081000.0,11160000.0,23264000000.0,12.85,8.435,0.078,0.006122448979591837,0.8137096774193548
189,189,HBM,Hudbay Minerals Inc.,6.97,-0.26,-3.6,8291000.0,6240000.0,2769000000.0,34.85,12.546,0.029,0.03730272596843616,1.3286858974358975
190,190,GIS,"General Mills, Inc.",64.5,2.28,3.66,7490000.0,4851000.0,35554000000.0,14.02,16.291,0.071,0.03534883720930232,1.544011544011544
191,191,FE,FirstEnergy Corp.,38.56,0.29,0.76,8999000.0,4543000.0,22237000000.0,22.68,20.496,0.044,0.007520746887966804,1.9808496588157605
192,192,PEP,"PepsiCo, Inc.",154.44,1.18,0.77,8998000.0,7197000.0,211814000000.0,22.22,14.16,0.045,0.00764050764050764,1.2502431568709185
193,193,NWG,NatWest Group plc,12.16,0.05,0.41,8942000.0,4381000.0,48941000000.0,9.07,21.819,0.11,0.004111842105263158,2.0410865099292397
194,194,UEC,Uranium Energy Corp.,4.99,-0.09,-1.77,8926000.0,7561000.0,2111000000.0,-1.0,11.008,-1.0,0.018036072144288574,1.1805316757042719
195,195,OWL,Blue Owl Capital Inc.,19.42,0.06,0.31,8193000.0,6459000.0,29865000000.0,97.1,13.287,0.01,0.0030895983522142116,1.2684626103111938
196,196,QS,QuantumScape Corporation,4.48,0.11,2.52,8375999.999999999,16280999.999999998,2450000000.0,-1.0,4.83,-1.0,0.024553571428571428,0.5144647134696886
197,197,KKR,KKR & Co. Inc.,115.27,-0.86,-0.74,8870000.0,4684000.0,106373000000.0,35.04,20.881,0.029,0.007460744339377115,1.8936806148590948
198,198,BP,BP p.l.c.,32.07,0.36,1.14,8393000.0,11064000.0,83517000000.0,229.07,8.285,0.004,0.011225444340505144,0.758586406362979
199,199,QCOM,QUALCOMM Incorporated,161.22,5.18,3.32,8728000.0,7979000.0,178309000000.0,17.39,12.307,0.058,0.032130008683786127,1.0938714124577014
200,200,DOW,Dow Inc.,37.45,0.01,0.03,7544000.0,7645000.0,26431000000.0,23.85,10.284,0.042,0.000267022696929239,0.9867887508175278
201,201,COIN,"Coinbase Global, Inc.",217.45,3.28,1.53,8615000.0,9015000.0,55206000000.0,22.94,10.265,0.044,0.015083927339618303,0.9556295063782585
202,202,COP,ConocoPhillips,90.63,2.03,2.29,7424000.0,7506000.0,115316000000.0,11.6,10.941,0.086,0.022398764206112764,0.9890754063415934
203,203,FTI,TechnipFMC plc,26.67,0.36,1.37,8202999.999999999,3803000.0,11217000000.0,13.96,21.677,0.072,0.013498312710911134,2.15698133052853
204,204,CVX,Chevron Corporation,156.34,3.39,2.22,8550000.0,8163000.0,275252000000.0,16.08,11.982,0.062,0.021683510298068313,1.047409040793826
205,205,VLY,Valley National Bancorp,8.98,-0.01,-0.11,8514000.0,8162000.000000001,5031000000.0,13.01,10.12,0.077,0.0011135857461024498,1.0431266846361185
206,206,MS,Morgan Stanley,119.29,-0.08,-0.07,7116000.0,6598000.0,192398000000.0,15.02,12.17,0.067,0.000670634587978875,1.0785086389815095
207,207,PR,Permian Resources Corporation,12.67,0.23,1.85,8936000.0,8117000.000000001,10180000000.0,10.79,11.018,0.093,0.018153117600631413,1.1008993470494024
208,208,TFC,Truist Financial Corporation,42.19,-0.05,-0.12,8469000.0,7381000.0,55073000000.0,-1.0,12.324,-1.0,0.0011851149561507468,1.1474055006096735
209,209,CRDO,Credo Technology Group Holding Ltd,43.7,1.63,3.87,8375000.0,5566000.0,7308000000.0,1456.67,14.842,0.001,0.03729977116704805,1.5046712181099533
210,210,CVNA,Carvana Co.,188.47,1.62,0.87,8055000.0,3868000.0,22041000000.0,119.28,21.539,0.008,0.00859553244548204,2.082471561530507
211,211,NWL,Newell Brands Inc.,6.75,0.06,0.9,8279999.999999999,8164999.999999999,2809000000.0,-1.0,9.582,-1.0,0.008888888888888889,1.0140845070422535
212,212,ABT,Abbott Laboratories,137.14,2.06,1.53,6311000.0,6271000.0,237845000000.0,17.95,11.449,0.056,0.015021146273880707,1.0063785680114814
213,213,NEM,Newmont Corporation,43.87,-0.05,-0.11,8244999.999999999,10053000.0,49435000000.0,15.34,8.771,0.065,0.0011397310234784591,0.8201531881030537
214,214,CRM,"Salesforce, Inc.",282.89,-3.16,-1.1,7157000.0,6700000.0,271857000000.00003,44.41,12.214,0.023,0.011170419597723498,1.0682089552238807
215,215,APA,APA Corporation,18.84,0.09,0.48,8204000.000000001,7719000.0,6859000000.0,8.3,10.454,0.12,0.004777070063694267,1.0628319730535045
216,216,MCHP,Microchip Technology Incorporated,59.77,1.51,2.59,8183000.0,9746000.0,32145000000.000004,104.86,8.822,0.01,0.02526351012213485,0.8396265134414118
217,217,GT,The Goodyear Tire & Rubber Company,9.79,0.82,9.14,8175000.000000001,5376000.0,2790000000.0,40.79,14.363,0.025,0.08375893769152197,1.5206473214285716
218,218,PPL,PPL Corporation,34.07,0.18,0.53,8131000.0,4517000.0,25154000000.0,28.39,18.722,0.035,0.005283240387437628,1.8000885543502325
219,219,GSK,GSK plc,40.05,0.75,1.91,8122000.0,4680000.0,81621000000.0,25.03,18.937,0.04,0.018726591760299626,1.7354700854700855
220,220,APH,Amphenol Corporation,62.93,1.18,1.91,8119000.0,7518000.0,76213000000.0,32.78,11.752,0.031,0.018750993167010965,1.0799414737962223
221,221,WEN,The Wendy's Company,15.53,0.37,2.44,8103999.999999999,4995000.0,3114000000.0,16.35,15.402,0.061,0.023824855119124275,1.6224224224224222
222,222,TGT,Target Corporation,115.08,1.03,0.9,8026000.0,5647000.0,52427000000.0,12.99,15.236,0.077,0.008950295446645813,1.4212856383920667
223,223,CHWY,"Chewy, Inc.",33.32,-1.77,-5.04,5936000.0,5142000.0,13568000000.0,36.22,11.697,0.028,0.05312124849939976,1.1544146246596656
224,224,DASH,"DoorDash, Inc.",178.08,-2.03,-1.13,7987000.0,3456000.0,74811000000.0,636.0,25.13,0.002,0.011399371069182387,2.311053240740741
225,225,PM,Philip Morris International Inc.,150.95,-2.6,-1.69,6127000.0,5767000.0,234706000000.0,25.12,12.08,0.04,0.017224246439218285,1.062424137333102
226,226,WU,The Western Union Company,11.62,0.56,5.06,7919000.0,5602000.0,3927000000.0,4.24,13.562,0.236,0.04819277108433736,1.4136022848982506
227,227,RKT,"Rocket Companies, Inc.",15.77,0.92,6.2,7112000.0,3711000.0,31340000000.0,75.1,20.115,0.013,0.058338617628408376,1.9164645648073295
228,228,CELH,"Celsius Holdings, Inc.",27.39,1.97,7.75,7847000.0,9949000.0,6440000000.0,60.87,7.736,0.016,0.0719240598758671,0.7887224846718263
229,229,ZIM,ZIM Integrated Shipping Services Ltd.,20.75,0.98,4.96,7798000.0,5342000.0,2498000000.0,1.74,13.718,0.575,0.047228915662650604,1.4597529015350057
230,230,NXE,NexGen Energy Ltd.,4.85,-0.08,-1.62,7816000.0,8583000.0,2779000000.0,-1.0,8.6,-1.0,0.016494845360824743,0.9106373063031574
231,231,MDT,Medtronic plc,94.5,1.37,1.47,7792000.0,6997000.0,121200000000.0,28.81,12.343,0.035,0.014497354497354498,1.1136201229098186
232,232,XP,XP Inc.,15.43,-15.25,-1.68,7737000.0,3899000.0,381179000000.0,44.85,22.981,0.022,0.9883344134802333,1.9843549628109771
233,233,TXN,Texas Instruments Incorporated,190.52,1.18,0.62,7707000.0,6241000.0,173358000000.0,36.64,13.879,0.027,0.0061935754776401425,1.2348982534850184
234,234,TCOM,Trip.com Group Limited,63.83,0.31,0.49,7696000.0,3627000.0,42849000000.0,18.72,22.56,0.053,0.004856650477831741,2.121863799283154
235,235,GE,GE Aerospace,193.85,-2.2,-1.12,6229000.0,5384000.0,208057000000.0,31.83,13.095,0.031,0.011348981171008512,1.1569465081723627
236,236,ALGM,"Allegro MicroSystems, Inc.",27.71,-0.6,-2.12,7678000.0,2935000.0,5102000000.0,-1.0,25.396,-1.0,0.021652832912306026,2.6160136286201023
237,237,NLY,"Annaly Capital Management, Inc.",21.85,0.54,2.53,6778000.0,7755000.0,12637000000.0,13.49,8.829,0.074,0.02471395881006865,0.8740167633784655
238,238,MCD,McDonald's Corporation,321.29,10.92,3.52,6364000.0,3273000.0,229549000000.0,28.16,22.09,0.036,0.03398798593171278,1.944393522761992
239,239,KIM,Kimco Realty Corporation,21.43,0.21,0.99,7559000.0,4398000.0,14561000000.0,38.96,17.468,0.026,0.009799346710219318,1.7187357889949977
240,240,TPR,"Tapestry, Inc.",74.92,-2.8,-3.6,7520000.0,4975000.0,15510000000.0,21.78,15.404,0.046,0.03737319807794981,1.5115577889447236
241,241,MQ,"Marqeta, Inc.",4.06,0.0,-0.0,7430000.0,5332000.0,2048000000.0,81.2,12.975,0.012,0.0,1.3934733683420855
242,242,CTRA,Coterra Energy Inc.,26.09,0.58,2.27,7419000.0,6396000.0,19937000000.0,17.39,11.947,0.058,0.02223073974702951,1.1599437148217635
243,243,GEV,GE Vernova Inc.,289.3,-3.91,-1.33,6893000.0,3943000.0,79818000000.0,51.85,19.059,0.019,0.013515381956446595,1.7481612985036774
244,244,EBAY,eBay Inc.,70.51,2.64,3.89,7390000.0,4984000.0,32858000000.0,17.85,15.593,0.056,0.0374414976599064,1.482744783306581
245,245,DG,Dollar General Corporation,81.84,5.6,7.35,7195000.0,3552000.0,17999000000.0,13.5,20.773,0.074,0.06842619745845552,2.025619369369369
246,246,OMC,Omnicom Group Inc.,85.0,2.38,2.88,7341000.0,2849000.0,16702000000.000002,11.39,26.341,0.088,0.027999999999999997,2.5766935766935766
247,247,MTCH,"Match Group, Inc.",32.62,1.29,4.12,7333000.0,5139000.0,8169000000.000001,16.15,14.144,0.062,0.039546290619251995,1.426931309593306
248,248,CPNG,"Coupang, Inc.",22.75,-0.42,-1.81,7307000.0,7697000.0,41075000000.0,284.38,10.076,0.004,0.01846153846153846,0.9493309081460309
249,249,HBI,Hanesbrands Inc.,5.93,0.09,1.54,7259000.0,6532000.0,2094000000.0,-1.0,10.358,-1.0,0.015177065767284992,1.111298224127373
250,250,SE,Sea Limited,135.69,-3.46,-2.49,6494000.0,3800000.0,77932000000.0,180.92,18.613,0.006,0.025499299874714422,1.7089473684210525
251,251,IVZ,Invesco Ltd.,15.63,-0.12,-0.76,7188000.0,4040000.0,6996000000.0,13.25,17.516,0.075,0.007677543186180422,1.7792079207920792
252,252,ING,ING Groep N.V.,20.74,0.74,3.7,7108000.0,2827000.0,63333000000.0,9.69,27.159,0.103,0.03567984570877532,2.514326140785285
253,253,BBVA,"Banco Bilbao Vizcaya Argentaria, S.A.",14.15,0.29,2.09,6839000.0,2246000.0,81714000000.0,7.82,33.228,0.128,0.02049469964664311,3.0449688334817453
254,254,AZN,AstraZeneca PLC,77.5,0.03,0.04,7023000.0,5570000.0,240378000000.0,34.44,14.35,0.029,0.0003870967741935484,1.2608617594254936
255,255,CARR,Carrier Global Corporation,67.39,2.02,3.09,6973000.0,5706000.0,58224000000.0,55.24,13.155,0.018,0.02997477370529752,1.2220469681037505
256,256,CART,Maplebear Inc.,39.9,2.15,5.7,6982000.0,4320000.0,10559000000.0,25.25,16.2,0.04,0.05388471177944862,1.6162037037037038
257,257,NFLX,"Netflix, Inc.",891.11,-15.25,-1.68,6931000.0,16224000.0,6763000000.0,-1.0,4.2,-1.0,0.017113487672677896,0.42720660749506906
258,258,CRWD,"CrowdStrike Holdings, Inc.",333.5,-14.23,-4.09,6869000.0,3722000.0,82145000000.0,-1.0,20.143,-1.0,0.04266866566716642,1.8455131649650725
259,259,ZETA,Zeta Global Holdings Corp.,15.82,-0.23,-1.43,6698000.0,6456000.0,3761000000.0,-1.0,9.934,-1.0,0.014538558786346398,1.0374845105328376
260,260,ABBV,AbbVie Inc.,214.29,3.54,1.68,6784000.0,6102000.0,378297000000.0,89.29,12.872,0.011,0.01651966960660787,1.1117666338905277
261,261,PENN,"PENN Entertainment, Inc.",18.28,-0.99,-5.14,6784000.0,4527000.0,2796000000.0,-1.0,14.156,-1.0,0.05415754923413566,1.4985641705323614
262,262,ZI,ZoomInfo Technologies Inc.,11.51,0.11,0.96,6752000.0,7356000.0,4204000000.0,143.88,8.833,0.007,0.009556907037358819,0.9178901576943991
263,263,UBS,UBS Group AG,34.15,1.05,3.17,6734000.0,2999000.0,108420000000.0,22.47,24.778,0.045,0.03074670571010249,2.24541513837946
264,264,SO,The Southern Company,91.4,2.68,3.02,6727000.0,4877000.0,100248000000.0,22.91,15.174,0.044,0.029321663019693654,1.3793315562846011
265,265,EQX,Equinox Gold Corp.,6.66,0.16,2.46,6719000.0,6991000.0,3038000000.0,8.88,9.114,0.113,0.024024024024024024,0.9610928336432556
266,266,SYF,Synchrony Financial,54.74,0.59,1.09,6713000.0,3788000.0,21280000000.0,6.4,18.303,0.156,0.010778224333211545,1.7721752903907075
267,267,IBM,International Business Machines Corporation,261.54,12.85,5.17,6692000.0,4519000.0,242517000000.0,40.8,16.859,0.025,0.049132063929035706,1.480858597034742
268,268,CLS,Celestica Inc.,87.53,5.91,7.24,6691000.0,4240000.0,10204000000.0,24.25,15.795,0.041,0.06751970752884726,1.578066037735849
269,269,SAN,"Banco Santander, S.A.",6.76,0.13,1.96,6068000.0,4333000.0,101887000000.0,8.14,15.416,0.123,0.019230769230769232,1.4004154165705054
270,270,EXC,Exelon Corporation,43.11,0.23,0.54,6670000.0,7385000.0,43335000000.0,17.6,9.607,0.057,0.005335189051264208,0.903182125930941
271,271,AEO,"American Eagle Outfitters, Inc.",12.83,0.52,4.22,6642000.0,4599000.0,2465000000.0,10.97,13.564,0.091,0.04053000779423227,1.4442270058708415
272,272,CPB,The Campbell's Company,41.81,2.02,5.08,6631000.0,3176000.0,12467000000.0,24.17,21.078,0.041,0.0483138005261899,2.087846347607053
273,273,AR,Antero Resources Corporation,33.64,-0.14,-0.41,6363000.0,4603000.0,10468000000.0,186.89,13.851,0.005,0.004161712247324614,1.382359330871171
274,274,SIRI,Sirius XM Holdings Inc.,25.23,1.48,6.23,6599000.0,5935000.0,8547000000.000001,-1.0,11.043,-1.0,0.05866032500990884,1.1118786857624263
275,275,ONON,On Holding AG,46.66,-2.87,-5.79,6556000.0,3886000.0,15110000000.0,55.55,17.173,0.018,0.06150878696956709,1.6870818322182193
276,276,ARM,Arm Holdings plc,125.55,7.63,6.47,6538000.0,6005000.0,132330000000.00002,163.05,12.109,0.006,0.060772600557546796,1.088759367194005
277,277,MT,ArcelorMittal S.A.,33.15,-0.78,-2.3,6531000.0,2229000.0,27008000000.0,19.62,30.564,0.051,0.023529411764705885,2.930013458950202
278,278,D,"Dominion Energy, Inc.",55.22,1.53,2.85,6523000.0,4617000.0,47050000000.0,25.1,15.078,0.04,0.027707352408547627,1.4128221789040503
279,279,BX,Blackstone Inc.,145.15,-0.48,-0.33,6309000.0,3678000.0,176888000000.0,40.21,19.294,0.025,0.0033069238718567,1.7153344208809136
280,280,BK,The Bank of New York Mellon Corporation,85.84,1.15,1.36,6457000.0,4191000.0,61631000000.0,14.8,16.624,0.068,0.013397017707362534,1.5406824146981628
281,281,ENPH,"Enphase Energy, Inc.",61.63,2.91,4.96,6453000.0,4012000.0,8164000000.0,82.17,15.943,0.012,0.047217264319325006,1.6084247258225324
282,282,FNMA,Federal National Mortgage Association,5.84,0.02,0.34,6931000.0,16224000.0,7968000000.0,45.71,4.23,0.022,0.0034246575342465756,0.42720660749506906
283,283,AS,"Amer Sports, Inc.",26.92,-1.37,-4.84,6419000.0,3020000.0,14708000000.0,192.29,21.611,0.005,0.05089153046062407,2.125496688741722
284,284,RTX,RTX Corporation,128.4,0.12,0.09,5055000.0,4850000.0,171044000000.0,36.27,11.708,0.028,0.0009345794392523364,1.0422680412371135
285,285,GLW,Corning Incorporated,45.93,0.42,0.92,6407000.0,5270000.0,39342000000.0,79.19,12.881,0.013,0.009144350097975179,1.2157495256166984
286,286,UPST,"Upstart Holdings, Inc.",53.69,-1.79,-3.23,6393000.0,6014000.0,5031000000.0,-1.0,10.313,-1.0,0.033339541814118086,1.0630196208846026
287,287,NOV,NOV Inc.,14.96,0.61,4.25,6367000.0,4416000.0,5697000000.0,9.35,14.066,0.107,0.04077540106951871,1.441802536231884
288,288,V,Visa Inc.,345.32,1.16,0.34,6341000.0,6391000.0,666126000000.0,34.85,11.731,0.029,0.0033592030580331285,0.9921764982005946
289,289,MNST,Monster Beverage Corporation,55.07,-0.62,-1.11,6355000.0,6178000.0,53592000000.0,36.96,11.036,0.027,0.011258398402033775,1.0286500485594043
290,290,OSCR,"Oscar Health, Inc.",15.96,0.34,2.18,6342000.0,4460000.0,3999000000.0,159.6,13.654,0.006,0.021303258145363407,1.4219730941704036
291,291,GNW,"Genworth Financial, Inc.",6.66,0.02,0.3,5718000.0,4246000.0,2790000000.0,9.51,12.72,0.105,0.003003003003003003,1.346679227508243
292,292,O,Realty Income Corporation,58.48,1.15,2.01,5527000.0,5402000.0,52136000000.0,59.67,10.965,0.017,0.019664842681258548,1.0231395779340984
293,293,COHR,Coherent Corp.,66.54,1.5,2.31,6247000.0,3529000.0,10312000000.0,-1.0,17.726,-1.0,0.022542831379621278,1.7701898554831397
294,294,TAL,TAL Education Group,13.48,0.03,0.22,4610000.0,7144000.0,8146000000.000001,70.95,6.396,0.014,0.0022255192878338275,0.6452967525195968
295,295,TJX,"The TJX Companies, Inc.",119.27,-1.38,-1.14,4704000.0,4872000.0,134079000000.00002,28.0,10.744,0.036,0.011570386517984404,0.9655172413793104
296,296,TSCO,Tractor Supply Company,56.89,2.3,4.21,6109000.0,5257000.0,30240000000.0,27.89,12.179,0.036,0.04042889787308841,1.162069621457105
297,297,EPD,Enterprise Products Partners L.P.,33.46,0.71,2.17,5807000.0,4535000.0,72464000000.0,12.44,13.906,0.08,0.021219366407650923,1.2804851157662624
298,298,DDOG,"Datadog, Inc.",109.63,-1.83,-1.64,6028000.0,4962000.0,37577000000.0,210.83,12.847,0.005,0.016692511173948738,1.214832728738412
299,299,DECK,Deckers Outdoor Corporation,126.72,-5.21,-3.95,5977000.0,2755000.0,19233000000.0,20.57,22.311,0.049,0.04111426767676768,2.1695099818511796
300,300,SRE,Sempra,69.3,-0.32,-0.46,5945000.0,5011000.0,45146000000.0,15.68,12.641,0.064,0.004617604617604618,1.1863899421273199
301,301,APO,"Apollo Global Management, Inc.",132.4,-2.38,-1.77,5499000.0,5287000.0,75532000000.0,18.06,11.314,0.055,0.017975830815709967,1.0400983544543219
302,302,SU,Suncor Energy Inc.,35.74,0.99,2.85,5916000.0,4615000.0,44480000000.0,10.83,13.65,0.092,0.027700055959709008,1.2819068255687973
303,303,DHR,Danaher Corporation,212.07,-2.74,-1.28,5937000.0,4289000.0,151569000000.0,40.16,15.477,0.025,0.012920262177582876,1.3842387502914433
304,304,CLVT,Clarivate Plc,4.36,0.16,3.81,5931000.0,5340000.0,3016000000.0,-1.0,10.529,-1.0,0.03669724770642201,1.1106741573033707
305,305,SG,"Sweetgreen, Inc.",23.94,0.4,1.7,5905000.0,3392000.0,2808000000.0,-1.0,16.448,-1.0,0.01670843776106934,1.7408608490566038
306,306,MMM,3M Company,146.3,-0.64,-0.44,5890000.0,3946000.0,79426000000.0,20.15,16.27,0.05,0.004374572795625427,1.4926507856056765
307,307,MOS,The Mosaic Company,25.14,0.42,-3.68,5873000.0,3370000.0,11190000000.0,-1.0,17.512,-1.0,0.016706443914081145,1.7427299703264094
308,308,PSNY,Polestar Automotive Holding UK PLC,1.14,0.02,1.79,5831000.0,5419000.0,2406000000.0,-1.0,10.095,-1.0,0.01754385964912281,1.076028787599188
309,309,ALAB,"Astera Labs, Inc.",66.92,3.43,5.4,5820000.0,5401000.0,10851000000.0,-1.0,10.814,-1.0,0.051255230125523014,1.0775782262543974
310,310,SWKS,"Skyworks Solutions, Inc.",72.61,5.68,8.49,5795000.0,3208000.0,11671000000.0,22.34,18.185,0.045,0.07822613965018592,1.80642144638404
311,311,CNK,"Cinemark Holdings, Inc.",24.4,0.66,2.78,5151000.0,2905000.0,2984000000.0,11.84,16.8,0.084,0.027049180327868856,1.7731497418244406
312,312,MDB,"MongoDB, Inc.",187.65,-5.33,-2.76,5783000.0,2267000.0,15100000000.0,-1.0,25.966,-1.0,0.02840394351185718,2.5509483899426555
313,313,FITB,Fifth Third Bancorp,40.06,0.2,0.5,5773000.0,4716000.0,26629000000.0,12.76,12.762,0.078,0.004992511233150275,1.224130619168787
314,314,NET,"Cloudflare, Inc.",126.75,-4.27,-3.26,5753000.0,3588000.0,43738000000.0,-1.0,17.062,-1.0,0.033688362919132145,1.6034002229654403
315,315,UWMC,UWM Holdings Corporation,6.39,0.16,2.57,4730000.0,3421000.0,10213000000.0,49.15,13.839,0.02,0.025039123630672927,1.382636655948553
316,316,CTSH,Cognizant Technology Solutions Corporation,83.23,-0.33,-0.39,5748000.0,3372000.0,41167000000.0,18.45,18.094,0.054,0.003964916496455605,1.704626334519573
317,317,BE,Bloom Energy Corporation,23.08,0.69,3.08,5724000.0,6622000.0,5318000000.0,-1.0,8.407,-1.0,0.029896013864818025,0.8643914225309575
318,318,PDD,PDD Holdings Inc.,119.92,0.1,0.08,5717000.0,8858000.0,166541000000.0,11.84,7.242,0.084,0.0008338892595063376,0.6454052833596748
319,319,HON,Honeywell International Inc.,214.52,3.26,1.54,5683000.0,4260000.0,139421000000.0,24.63,14.867,0.041,0.015196718254708185,1.334037558685446
320,320,UPS,"United Parcel Service, Inc.",121.62,1.12,0.93,4954000.0,6023000.0,103884000000.0,18.02,9.061,0.055,0.009209011675711233,0.8225136974929437
321,321,ABNB,"Airbnb, Inc.",134.39,-0.38,-0.28,5617000.0,4973000.0,83502000000.0,32.7,12.336,0.031,0.002827591338641268,1.1294992961994772
322,322,STNE,StoneCo Ltd.,9.71,0.2,2.1,5582000.0,6172000.0,2882000000.0,8.75,8.555,0.114,0.02059732234809475,0.9044069993519118
323,323,JCI,Johnson Controls International plc,80.06,-1.01,-1.25,5576000.0,4234000.0,52851000000.0,37.59,14.122,0.027,0.01261553834624032,1.3169579593764762
324,324,FTNT,"Fortinet, Inc.",101.28,-0.44,-0.43,5561000.0,4511000.0,77882000000.0,44.81,13.427,0.022,0.004344391785150079,1.2327643538018178
325,325,WSC,WillScot Holdings Corporation,28.07,-1.64,-5.52,5552000.0,2438000.0,5153000000.0,187.13,22.117,0.005,0.058425365158532236,2.277276456111567
326,326,AMAT,"Applied Materials, Inc.",155.68,4.14,2.73,5538000.0,6812000.0,126481000000.0,20.38,9.026,0.049,0.02659301130524152,0.8129770992366412
327,327,IP,International Paper Company,52.3,0.59,1.14,5517000.0,8682000.0,27516000000.0,33.31,6.634,0.03,0.011281070745697896,0.6354526606772632
328,328,CNC,Centene Corporation,60.03,0.58,0.98,5511000.0,5246000.0,29778000000.0,9.51,11.003,0.105,0.00966183574879227,1.0505146778497902
329,329,COST,Costco Wholesale Corporation,964.31,-62.31,-6.07,5511000.0,2094000.0,427893000000.0,56.2,30.611,0.018,0.0646161504080638,2.6318051575931234
330,330,DFS,Discover Financial Services,167.52,-5.15,-2.98,5053000.0,1632000.0,42149000000.0,9.45,32.896,0.106,0.030742597898758356,3.096200980392157
331,331,WAY,Waystar Holding Corp.,37.42,-3.25,-7.99,5474000.0,1917000.0,6442000000.0,-1.0,28.01,-1.0,0.08685195082843399,2.8555033907146585
332,332,BF-B,Brown-Forman Corporation,36.93,1.38,3.87,5473000.0,3278000.0,17398000000.0,17.67,17.098,0.057,0.03736799350121852,1.6696156192800489
333,333,UNH,UnitedHealth Group Incorporated,493.48,5.76,1.18,4601000.0,5559000.0,451392000000.0,31.84,9.646,0.031,0.011672205560509036,0.8276668465551358
334,334,SYY,Sysco Corporation,76.55,1.46,1.94,5424000.0,3473000.0,37451000000.0,19.63,16.513,0.051,0.01907250163291966,1.5617621652749785
335,335,RPRX,Royalty Pharma plc,33.01,-0.27,-0.81,5408000.0,4170000.0,19029000000.0,17.28,13.331,0.058,0.008179339594062406,1.2968824940047963
336,336,WY,Weyerhaeuser Company,30.65,0.64,2.13,4038000.000000001,3764000.0,22239000000.0,56.76,11.1,0.018,0.020880913539967374,1.072794899043571
337,337,AEG,Aegon Ltd.,6.33,0.02,0.32,5382000.0,5326000.0,10425000000.0,-1.0,10.123,-1.0,0.00315955766192733,1.010514457378896
338,338,COMP,"Compass, Inc.",8.48,-0.22,-2.53,5338000.0,5908000.0,4645000000.0,-1.0,8.734,-1.0,0.025943396226415092,0.9035206499661476
339,339,ABR,"Arbor Realty Trust, Inc.",12.23,0.37,3.12,5337000.0,3165000.0,2318000000.0,10.36,15.792,0.097,0.03025347506132461,1.686255924170616
340,340,COO,"The Cooper Companies, Inc.",85.0,-5.98,-6.57,5337000.0,1570000.0,16995999999.999998,41.06,34.777,0.024,0.07035294117647059,3.3993630573248406
341,341,GENI,Genius Sports Limited,9.72,0.21,2.21,4972000.0,2470000.0,2224000000.0,-1.0,18.815,-1.0,0.021604938271604937,2.0129554655870447
342,342,NVO,Novo Nordisk A/S,87.17,-0.87,-0.99,5272000.0,8934000.0,393385000000.0,26.66,6.842,0.038,0.009980497877710222,0.5901052160286546
343,343,HUN,Huntsman Corporation,17.31,-0.5,-2.81,4446000.0,2877000.0,2994000000.0,-1.0,14.644,-1.0,0.028885037550548817,1.5453597497393117
344,344,CPRT,"Copart, Inc.",53.74,0.01,0.02,5262000.0,3938000.0,51918000000.0,36.07,14.318,0.028,0.00018608113137327873,1.336211274758761
345,345,TME,Tencent Music Entertainment Group,13.32,0.0,-0.0,4910000.0,7426000.0,22956000000.0,25.13,6.851,0.04,0.0,0.661190412065715
346,346,TWLO,Twilio Inc.,106.08,-2.73,-2.51,5235000.0,3471000.0,16190999999.999998,-1.0,15.398,-1.0,0.025735294117647058,1.5082108902333622
347,347,EW,Edwards Lifesciences Corporation,70.33,-1.47,-2.05,4734000.0,4745000.0,41347000000.0,30.06,10.592,0.033,0.02090146452438504,0.99768177028451
348,348,S,"SentinelOne, Inc.",19.84,-0.06,-0.3,5169000.0,4247000.0,6375000000.0,-1.0,11.933,-1.0,0.0030241935483870967,1.217094419590299
349,349,BN,Brookfield Corporation,52.09,-0.49,-0.93,4897000.0,2370000.0,85282000000.0,168.03,22.586,0.006,0.009406795930120945,2.0662447257383967
350,350,AGI,Alamos Gold Inc.,23.77,-0.12,-0.5,5152000.0,2571000.0,10054000000.0,34.45,20.044,0.029,0.005048380311316786,2.0038895371450796
351,351,X,United States Steel Corporation,36.23,-0.96,-2.58,5152000.0,7056000.0,8160000000.0,23.08,7.237,0.043,0.026497377863648912,0.7301587301587301
352,352,WIT,Wipro Limited,3.26,-0.02,-0.61,3876000.0,4739000.0,34184000000.0,23.29,8.616,0.043,0.006134969325153374,0.817894070479004
353,353,HWM,Howmet Aerospace Inc.,124.4,-0.09,-0.07,5132000.0,2722000.0,50385000000.0,44.27,20.178,0.023,0.0007234726688102893,1.8853783982365908
354,354,BAM,Brookfield Asset Management Ltd.,48.61,-1.69,-3.36,5126000.0,1398000.0,78881000000.0,36.55,39.956,0.027,0.03476650894877597,3.6666666666666665
355,355,TECK,Teck Resources Limited,39.78,-1.0,-2.45,4219000.0,2881000.0,20147000000.0,-1.0,15.09,-1.0,0.02513826043237808,1.4644220756681707
